String,LEN,FREQ,Orth,Orth_F,N1_F,N1_C,N2_F,N2_C,N3_F,N3_C,UN1_F,UN1_C,UN2_F,UN2_C,UN3_F,UN3_C,PhoWord,LengthOrtho,LengthPhono,FreqPerMill,avgfreq,category
hed,3,NaN,19,589.24,24676.35,61.67,2345.68,8,0,0,310801.1,32351,78414.23,5058,1805.07,317,,NaN,NaN,NaN,NaN,pseudo
han,3,NaN,20,593.66,19692.36,77.33,5933.15,9,0,0,304401,31056.67,51343.36,3799,4269.5,392,,NaN,NaN,NaN,NaN,pseudo
yer,3,NaN,7,753.31,11850.78,45.33,2636.6,3.5,0,0,281311.5,37299.67,34637.69,5651.5,282.95,59,,NaN,NaN,NaN,NaN,pseudo
aps,3,NaN,8,5.4,20257.12,29.33,14.9,2.5,0,0,241361.2,36326.67,3983.22,1063,602.9,121,,NaN,NaN,NaN,NaN,pseudo
tes,3,NaN,8,88.93,33020.12,55.67,355.74,4,0,0,392400.5,50855.33,34851.84,9685,1775.26,1045,,NaN,NaN,NaN,NaN,pseudo
tou,3,NaN,13,596.53,32853.64,57.33,3877.44,6.5,0,0,277739.8,30005,40123.94,2733.5,399.32,125,,NaN,NaN,NaN,NaN,pseudo
rew,3,NaN,17,115.69,6198.23,54.67,946.02,7.5,0,0,285502,35924,30758.41,3841,389.86,117,,NaN,NaN,NaN,NaN,pseudo
bis,3,NaN,10,642.46,13584.56,54,3179.74,4.5,0,0,211818.8,36618,18584.38,2951,91.5,58,,NaN,NaN,NaN,NaN,pseudo
fet,3,NaN,20,170.93,13805.17,67,1628.49,9,0,0,336103,36521,10780.92,1676.5,144.21,36,,NaN,NaN,NaN,NaN,pseudo
ged,3,NaN,15,130.52,17906.27,60.33,846.13,6.5,0,0,257237.5,33783,26146.68,4632,1130.48,244,,NaN,NaN,NaN,NaN,pseudo
nop,3,NaN,19,382.05,11929.71,66,3625.94,8.5,0,0,229473.5,29476.33,12008.76,1309.5,36.53,36,,NaN,NaN,NaN,NaN,pseudo
che,3,NaN,4,16431.17,49872.23,36.67,32859.39,1.5,0,0,294209.9,32833.33,67480.92,2769.5,2439.8,742,,NaN,NaN,NaN,NaN,pseudo
ois,3,NaN,5,1190.31,14471.68,48.67,2975.41,2,0,0,297426.3,44190.67,18699.67,2683.5,232.08,109,,NaN,NaN,NaN,NaN,pseudo
boe,3,NaN,19,21.96,36655.07,74,204.6,8,0,0,303571.9,35793.33,4404.28,829,4.16,4,,NaN,NaN,NaN,NaN,pseudo
mry,3,NaN,9,203.28,5355.74,37,394.59,4,0,0,141789.2,21057,4532.9,422.5,0,0,,NaN,NaN,NaN,NaN,pseudo
jad,3,NaN,17,405.56,23235.56,68.67,3447.28,8.5,0,0,184558.3,21378,8160.44,952,3.75,3,,NaN,NaN,NaN,NaN,pseudo
ouy,3,NaN,4,981.93,9325.63,48.33,1963.85,2,0,0,173593.2,20286.33,20700.75,1622.5,0,0,,NaN,NaN,NaN,NaN,pseudo
noy,3,NaN,14,518.5,14118.13,65,3628.11,6.5,0,0,229864.2,27089.33,9230.27,774.5,28.08,8,,NaN,NaN,NaN,NaN,pseudo
sid,3,NaN,20,93.05,19877.79,65.67,905.81,8.5,0,0,245188.5,40147.33,13294.73,2026.5,1957.31,176,,NaN,NaN,NaN,NaN,pseudo
sas,3,NaN,14,1045.53,20093.85,73,7318.48,6,0,0,303078,47874.33,20735.94,1955,81.8,36,,NaN,NaN,NaN,NaN,pseudo
foy,3,NaN,16,544.76,14702.43,68,4325.6,6,0,0,165902.9,16748.33,8419.3,607,6.31,2,,NaN,NaN,NaN,NaN,pseudo
nen,3,NaN,18,117.08,8898.81,59.33,1050.64,8,0,0,364907.5,47084.67,33943.8,5193,257.31,71,,NaN,NaN,NaN,NaN,pseudo
dow,3,NaN,19,168.37,11637.95,62.33,1596.81,9,0,0,193952.9,19811,10673.95,1044.5,1724.05,145,,NaN,NaN,NaN,NaN,pseudo
ane,3,NaN,14,2688.19,49538.89,39.67,16527.93,2,0,0,396594.9,48082.33,43660.47,5000,617.18,224,,NaN,NaN,NaN,NaN,pseudo
ush,3,NaN,3,169.36,421.92,10.67,253.05,1,0,0,208778.7,27249.33,14921.35,2457.5,493.02,154,,NaN,NaN,NaN,NaN,pseudo
ild,3,NaN,4,202.08,15034.72,30,403.99,1.5,0,0,213959.4,32973.33,13070.33,1493.5,1713.93,87,,NaN,NaN,NaN,NaN,pseudo
hix,3,NaN,11,801.1,11798.17,50,4405.94,5,0,0,185778.8,20758,15015.2,1040,0,0,,NaN,NaN,NaN,NaN,pseudo
rou,3,NaN,11,584.78,11393.12,55.67,3216.27,5.5,0,0,227977,30384,31558.05,3406,4127.96,393,,NaN,NaN,NaN,NaN,pseudo
ler,3,NaN,11,457.81,9988.91,52.33,2517.7,5,0,0,311408.5,44060.33,46179.73,8252.5,620.93,461,,NaN,NaN,NaN,NaN,pseudo
lew,3,NaN,20,131.48,6483.75,54,1166.71,8.5,0,0,261215.2,32587,15518.03,2995.5,79.48,33,,NaN,NaN,NaN,NaN,pseudo
phe,3,NaN,6,10955.88,49461.96,41.33,32859.89,2,0,0,281522.3,30699.33,59309.38,1921.5,278.84,171,,NaN,NaN,NaN,NaN,pseudo
oll,3,NaN,5,888.45,5961.35,18.67,2158.72,1.5,0,0,221068.3,30669.33,15781.77,2599.5,1445.44,327,,NaN,NaN,NaN,NaN,pseudo
kee,3,NaN,13,91.35,29455.96,53.33,593.77,6.5,0,0,357902.9,44008.33,13112.03,1495.5,528.83,53,,NaN,NaN,NaN,NaN,pseudo
dir,3,NaN,11,155.44,10183.6,50.33,854.94,5.5,0,0,238246.2,36310.33,11533.83,2337.5,522.17,58,,NaN,NaN,NaN,NaN,pseudo
eet,3,NaN,18,154.36,10820.08,64.33,1319.49,7.5,0,0,478253.6,55056.67,14678.71,1980.5,1262.14,127,,NaN,NaN,NaN,NaN,pseudo
sut,3,NaN,19,503.77,12868.9,66,4417.75,7,0,0,257940.1,35857.67,12764.94,1469.5,1.43,5,,NaN,NaN,NaN,NaN,pseudo
tob,3,NaN,24,71.96,30875.11,69,858.57,11,0,0,260539.3,27376,20894.21,1442.5,94.3,23,,NaN,NaN,NaN,NaN,pseudo
het,3,NaN,24,290.92,18052.46,68,3334.6,10,0,0,386059.7,38031,65390.05,2643.5,482.9,107,,NaN,NaN,NaN,NaN,pseudo
cun,3,NaN,18,151.13,6627.47,55.33,381.88,8,0,0,173754.1,26666.67,8587.36,1844.5,20.94,23,,NaN,NaN,NaN,NaN,pseudo
san,3,NaN,23,217.67,14983.4,82.33,2329,9,0,0,310741.8,43881,36593.18,3495,582.91,188,,NaN,NaN,NaN,NaN,pseudo
mes,3,NaN,7,227.04,12468.3,52.67,607.42,2.5,0,0,295910.7,43030,31722.64,7316.5,1619.04,214,,NaN,NaN,NaN,NaN,pseudo
munt,4,NaN,8,122.75,13877.09,216.5,1573.39,26.67,29.15,2.5,224882.7,27584.75,15328.13,2613,1329.6,226,,NaN,NaN,NaN,NaN,pseudo
mont,4,NaN,8,151.23,18569.34,268.75,2686,30,3.42,2,276188,31292.5,29325.66,4369.67,2135.08,376.5,,NaN,NaN,NaN,NaN,pseudo
bere,4,NaN,9,495.05,20372.77,269,5765.01,33.33,2193.55,3,337944,44225.25,48056.76,6563.67,7240.38,583,,NaN,NaN,NaN,NaN,pseudo
sors,4,NaN,11,27.09,15953.26,356.25,2603.9,30.67,120.68,1.5,273369.9,43602.75,21397.3,2928.33,955.84,299,,NaN,NaN,NaN,NaN,pseudo
beay,4,NaN,9,15.98,16536.98,210.5,2876.42,36.33,70.44,3.5,262279.6,31254.25,18738.41,1621,343.27,83,,NaN,NaN,NaN,NaN,pseudo
cany,4,NaN,6,163.6,13914.81,245,1992.23,30.67,489.95,2.5,216221.6,28117,27942.79,3076,3314.11,181.5,,NaN,NaN,NaN,NaN,pseudo
nade,4,NaN,12,109.23,17323.28,246.25,1082.67,18,516.01,3.5,339049.4,41357.25,14888.44,2713,1146.19,195.5,,NaN,NaN,NaN,NaN,pseudo
deel,4,NaN,12,59.85,15313.22,205.75,2300.62,28.67,273.93,4.5,344756.2,44369.5,17899.07,2860.67,725.93,75,,NaN,NaN,NaN,NaN,pseudo
tobs,4,NaN,25,7.77,17734.58,298.25,576.84,31,53.96,6.5,261336.2,33249.5,14306.83,1092.67,228.6,73.5,,NaN,NaN,NaN,NaN,pseudo
tith,4,NaN,3,2356.49,19915.75,167.25,5797.53,17.67,3534.73,1.5,333626.8,34307.75,65552.48,4602.67,4758.65,189.5,,NaN,NaN,NaN,NaN,pseudo
sune,4,NaN,10,39.23,16083.51,271.75,1138.91,31.33,47.24,3.5,297409,42928.75,14905.47,2725.33,373.11,101.5,,NaN,NaN,NaN,NaN,pseudo
evea,4,NaN,3,595.18,8145.86,86.25,1823.29,5,892.78,1.5,366371.1,43616.5,20967.79,2140.67,3765.77,152.5,,NaN,NaN,NaN,NaN,pseudo
ropt,4,NaN,5,11.67,14481.11,230,596.55,19.67,16.75,1,259197.7,31780,10449.01,1809.67,728.82,191.5,,NaN,NaN,NaN,NaN,pseudo
mory,4,NaN,8,316.17,15920.26,231.75,3421.23,30.33,1224.48,3,187123.4,24120.75,19028.3,2188.33,2104.53,178.5,,NaN,NaN,NaN,NaN,pseudo
whem,4,NaN,9,562.26,22575.09,126.75,6462.97,14,2434.26,3,240257.4,23889,48883.9,1600,3713.09,101.5,,NaN,NaN,NaN,NaN,pseudo
rane,4,NaN,24,20.36,19340.8,300,1692.49,39.67,84.81,7.5,358171.2,45901.5,34750.12,5055.33,1521.59,497.5,,NaN,NaN,NaN,NaN,pseudo
thet,4,NaN,7,2901.03,29666.14,180,12896.34,14.67,4434.97,3,387591.9,38078.75,85760.86,2420.33,42977.16,344.5,,NaN,NaN,NaN,NaN,pseudo
lich,4,NaN,5,26.28,12589.01,159.25,2276.71,22.67,64.16,1.5,209202.3,28191,18668.73,3767.67,2701.77,208.5,,NaN,NaN,NaN,NaN,pseudo
kith,4,NaN,4,1767.87,12334.22,135.75,5336.42,16.33,3535.74,2,243363.8,26021.5,56420.81,2163.67,4433.46,92.5,,NaN,NaN,NaN,NaN,pseudo
thip,4,NaN,6,784.58,19461.55,124.25,10553.53,16.33,2323.99,2.5,255223.8,28809,52707.49,1618.33,5031.54,232.5,,NaN,NaN,NaN,NaN,pseudo
coys,4,NaN,13,15.72,10838.92,289.25,997.69,26.67,85.91,1.5,195810.1,28969.25,8749.66,1590.33,110.21,34,,NaN,NaN,NaN,NaN,pseudo
dren,4,NaN,3,22.21,12876.4,154.5,3394.95,16,33.32,1.5,304329.3,40726.25,35310.6,4637,2173.72,241.5,,NaN,NaN,NaN,NaN,pseudo
fand,4,NaN,12,113.5,15251.86,247.5,2238.61,33.33,416.03,4,232436.4,27455.5,38689.9,3039,16405.88,439,,NaN,NaN,NaN,NaN,pseudo
hoys,4,NaN,8,21.99,12243.19,279.75,860.88,18,85.91,1.5,227826.4,26411.25,8423.88,879.67,106.94,30.5,,NaN,NaN,NaN,NaN,pseudo
thes,4,NaN,10,1360.38,25553.04,242.75,13221.94,27.33,4434.85,2.5,355476.5,41240.75,93220.84,5551.33,43858.96,531.5,,NaN,NaN,NaN,NaN,pseudo
tham,4,NaN,9,1721.64,24244.52,141,14228.6,19.33,6553.24,3,280348.1,26812,57722.99,1806,6780.18,90.5,,NaN,NaN,NaN,NaN,pseudo
bepe,4,NaN,0,0,17016.37,233.75,1371.75,17.33,0,0,296863,38442.25,13567.38,1795,228.48,63,,NaN,NaN,NaN,NaN,pseudo
weng,4,NaN,4,181.77,14658.8,182,2999.66,28,346.75,1.5,246084.4,30999,31895.99,4958.33,835.25,70.5,,NaN,NaN,NaN,NaN,pseudo
mais,4,NaN,15,24.94,15339.61,318,4071.88,30.33,119.25,2.5,263413.1,38972.25,21089.53,2952,583.89,96,,NaN,NaN,NaN,NaN,pseudo
irat,4,NaN,5,3.83,14689.15,160,5009.13,23,9.58,2.5,330573.7,41963.5,24313.54,4635.33,1874.17,615.5,,NaN,NaN,NaN,NaN,pseudo
onve,4,NaN,1,578.75,13239.84,125.75,3028.16,10.33,0,0,293065.6,35327.75,25762.48,3388.33,578.89,141.5,,NaN,NaN,NaN,NaN,pseudo
nome,4,NaN,12,316.41,17823.49,247.25,3495.24,19,1622.69,3,308462.4,37605.5,20979.44,1992,3751.67,241,,NaN,NaN,NaN,NaN,pseudo
futh,4,NaN,0,0,10308.85,142.5,2807.7,14.67,0,0,212408,19241.75,48923.39,1453,577.02,69.5,,NaN,NaN,NaN,NaN,pseudo
jore,4,NaN,13,200.72,19463.88,274.5,4329.72,33.33,1287.07,5.5,273198.5,34303.5,32155.97,3863.33,2546.14,219.5,,NaN,NaN,NaN,NaN,pseudo
arey,4,NaN,6,67.8,11587.19,140.25,2063.11,12.33,146.95,2,306428.7,38445.5,32343.95,4108.67,3729.04,160.5,,NaN,NaN,NaN,NaN,pseudo
usee,4,NaN,3,181.08,15474.72,154,479.09,5.67,271.61,1.5,356051,49074.75,19845.62,2531.67,3353.52,272.5,,NaN,NaN,NaN,NaN,pseudo
elst,4,NaN,2,198.2,11121.63,140,2520.43,16.33,131.03,0.5,336810.2,45478.5,18306.24,3499.33,401.72,116.5,,NaN,NaN,NaN,NaN,pseudo
dach,4,NaN,4,163.56,13166.95,199.75,2307.74,22.67,322.78,1.5,227384.2,24522.75,12121.19,2002.33,1111.59,151,,NaN,NaN,NaN,NaN,pseudo
hame,4,NaN,16,431.37,20680.41,268,4989.56,28.33,902.71,4.5,312622.5,33125,24601.42,2079,1786.72,195.5,,NaN,NaN,NaN,NaN,pseudo
feem,4,NaN,7,126.17,16925.03,187.25,3195.51,25.67,441.59,3.5,310031.5,37390.25,11525.29,1346,1102.19,51,,NaN,NaN,NaN,NaN,pseudo
lais,4,NaN,16,10.08,14804.15,322.75,3447.27,29.67,40.22,2.5,280243.2,42622.75,20475.35,3242,535.38,118.5,,NaN,NaN,NaN,NaN,pseudo
gould,5,NaN,4,1207.78,11522.11,376.6,5108.16,33.5,3226.16,4.67,172299.3,23803.2,17577.44,1567,4011.16,53.33,,NaN,NaN,NaN,NaN,pseudo
wonch,5,NaN,3,4.2,10148.75,327,2792.86,47,56.42,6.67,212701.5,22433.4,21359.3,3081.25,832.42,190.67,,NaN,NaN,NaN,NaN,pseudo
whein,5,NaN,0,0,12254.95,232.2,4869,25.5,1363.02,3,290090.9,33618,55160.56,4140.75,2908.24,89,,NaN,NaN,NaN,NaN,pseudo
agage,5,NaN,4,0.73,8361.92,297.6,694.89,20.25,328.78,3,290574.8,36125.2,7537.52,1443.25,1545.7,195,,NaN,NaN,NaN,NaN,pseudo
sweal,5,NaN,4,17.09,7335.29,300.8,957.05,39.75,86.09,4,285830.6,38102.8,18016.07,2194.75,1191.2,139,,NaN,NaN,NaN,NaN,pseudo
easut,5,NaN,0,0,5770.35,300.2,916.43,20.75,4.01,1,335377.4,42586,20843.4,2067.75,1221.96,120.67,,NaN,NaN,NaN,NaN,pseudo
lalan,5,NaN,0,0,5514.07,355.2,794.33,43.5,5.85,1,278071.6,36270.4,31029.57,4413,809.06,223,,NaN,NaN,NaN,NaN,pseudo
otial,5,NaN,0,0,6644.27,217.2,993.99,18.5,19.35,0.67,314512,38231,21119.54,4160.5,1338.41,277.33,,NaN,NaN,NaN,NaN,pseudo
whees,5,NaN,2,14.55,16257.23,647,4956.65,112,482.76,6.67,328664.7,39030.8,46719.33,4134,1777.86,132.33,,NaN,NaN,NaN,NaN,pseudo
jorld,5,NaN,1,739.2,10407.69,373.8,2502.92,29.25,492.8,0.67,181592,24854,13421.02,1341.5,619.7,18.33,,NaN,NaN,NaN,NaN,pseudo
woind,5,NaN,1,25.82,13999.82,409.4,3276.5,40.5,481.49,3,234800.6,29342.6,34643.52,4199.75,2005.94,233.67,,NaN,NaN,NaN,NaN,pseudo
fimer,5,NaN,3,3.01,9396.73,425.8,2788.33,73.5,127.71,5.67,253433.1,34767.2,27987.72,4182,1510.13,201,,NaN,NaN,NaN,NaN,pseudo
sigat,5,NaN,1,97.45,8327.34,367.8,1230.4,23.25,56.3,1.67,285427,39211.6,18488.37,3149.25,533.29,198,,NaN,NaN,NaN,NaN,pseudo
seese,5,NaN,2,137.99,12661.92,454.4,1916.59,46,500.23,3.33,418262.4,58432.4,26926.11,5067,1875.05,155.67,,NaN,NaN,NaN,NaN,pseudo
oftas,5,NaN,0,0,5823.13,420.2,701.06,16,156.6,1.67,291131.2,34430.8,20990.16,1585.25,299.31,50.33,,NaN,NaN,NaN,NaN,pseudo
shice,5,NaN,4,6.01,14716.59,408.4,3650.37,48.25,1334.9,7.67,290356.5,39552,19827.94,2595.5,2545.66,307.33,,NaN,NaN,NaN,NaN,pseudo
scoue,5,NaN,5,8.89,9165.18,354.2,882.72,25,24.93,5,268536.6,37753.2,17546.34,2403.5,1692.93,214.67,,NaN,NaN,NaN,NaN,pseudo
boung,5,NaN,2,251.39,9667.31,344.8,3709.76,54.25,745.01,8,175613.2,23594,24621.02,3785.5,2994.87,265.33,,NaN,NaN,NaN,NaN,pseudo
baran,5,NaN,1,6.37,6841.08,398.8,999.57,55.5,6.66,4.67,271896.5,34521.8,29902.51,4278.75,1310.01,445,,NaN,NaN,NaN,NaN,pseudo
woule,5,NaN,2,1456.92,14945.46,406,5121.5,40.5,2595.35,3.33,244935.3,29910.8,22378.44,2805.25,3107.92,72.67,,NaN,NaN,NaN,NaN,pseudo
boile,5,NaN,2,1.28,14342.87,475.2,1697.55,46.25,257.62,5.67,277236.2,37023.6,13159.87,2495.25,820.05,147.33,,NaN,NaN,NaN,NaN,pseudo
abown,5,NaN,0,0,5778.84,180.2,1664.56,18.75,1037.63,4.67,230049.6,25923.6,8227.76,1097.25,2224.89,132,,NaN,NaN,NaN,NaN,pseudo
woift,5,NaN,0,0,12035.99,350,1830.21,20.25,23.86,1.33,241578.9,26546,5726.04,606,182.94,35.33,,NaN,NaN,NaN,NaN,pseudo
thill,5,NaN,3,4.36,13413.32,294,5477.66,41.75,1210.18,8,256479.6,31541,47977.59,2391.5,5635.61,333,,NaN,NaN,NaN,NaN,pseudo
rigat,5,NaN,1,758.53,6769.19,282.8,1272.73,22.25,265.52,1.33,281261.6,36909.4,19634.68,3789,721.15,206.67,,NaN,NaN,NaN,NaN,pseudo
brars,5,NaN,8,4.28,9664.23,619.8,1546.6,73,412.96,13.33,239522.1,36413,16772.35,3598.75,881.48,197,,NaN,NaN,NaN,NaN,pseudo
fuich,5,NaN,0,0,7583.84,294.8,2403.6,37.75,1143.03,1.67,175901.8,21952.8,10609.07,1981.5,1317.33,32.33,,NaN,NaN,NaN,NaN,pseudo
woong,5,NaN,1,197.93,11529.25,340.8,2936.27,47.25,278.94,6,221860.7,25429.2,25902.58,4260.5,1175.1,182.67,,NaN,NaN,NaN,NaN,pseudo
upase,5,NaN,1,0,8487.83,288.4,1435.17,34.25,22.19,3.33,272654.9,38187,18774.27,2148,853.62,126.67,,NaN,NaN,NaN,NaN,pseudo
beick,5,NaN,1,28.62,8135.92,328,1970.65,39.5,373.12,5,208158.3,30032.8,12726.12,1853.75,735.65,146.67,,NaN,NaN,NaN,NaN,pseudo
tanin,5,NaN,0,0,8278.55,373.2,819.84,47.25,22.09,3.67,330566.2,41255,42056.23,6073.25,2220.23,472,,NaN,NaN,NaN,NaN,pseudo
plint,5,NaN,6,86.77,9292.55,342.4,1860.12,52.25,209.73,8.33,246589.7,34215.4,34331.44,5932,3079.21,743.67,,NaN,NaN,NaN,NaN,pseudo
vikel,5,NaN,0,0,6978.5,359.6,617.25,36.25,45.08,4.67,213804,30384.8,9453,1430,945.42,45.33,,NaN,NaN,NaN,NaN,pseudo
wheir,5,NaN,1,2947.33,13346.1,248,5295.34,20,2329.66,2.67,281327.3,33711.8,37910.49,1260.75,3511.18,58,,NaN,NaN,NaN,NaN,pseudo
grers,5,NaN,2,0.57,10097.47,550.6,2507.69,53.75,299.8,8,270965.3,41951,35430.7,5712,3047.68,974.33,,NaN,NaN,NaN,NaN,pseudo
vight,5,NaN,10,256.62,5803.3,214.2,2076.7,18.75,1743.48,8.33,213492.8,24267.4,7955.63,997.25,3811.11,354.33,,NaN,NaN,NaN,NaN,pseudo
aross,5,NaN,4,22.67,9714.42,558,1128.68,39.25,67.86,4.67,295052,43258.8,18815.12,3370.5,978.6,200.67,,NaN,NaN,NaN,NaN,pseudo
neith,5,NaN,1,0,7880.06,321.4,1273.04,30.5,31.43,1.67,350064.6,40274.6,48428.3,2582,3105.14,72,,NaN,NaN,NaN,NaN,pseudo
cinal,5,NaN,2,63.42,5918.14,338.8,674.2,43,83.63,3.67,252120.7,36228,31444.86,5415.5,1588.91,415.67,,NaN,NaN,NaN,NaN,pseudo
fouly,5,NaN,2,4.28,10398.33,413.8,3847.59,49,1793.95,4,157130.6,19614.8,21348.84,2423.5,2414.02,52.67,,NaN,NaN,NaN,NaN,pseudo
neald,5,NaN,1,0.83,9676.51,368.4,3077.98,42,30.28,5,305247.4,38955.4,22776.86,3098.75,982.72,113,,NaN,NaN,NaN,NaN,pseudo
auring,6,NaN,4,98.89,6810.19,591.5,2268.54,167.6,1198.26,75.5,236457.2,33949.33,31421.27,5874.6,8599.75,2106,,NaN,NaN,NaN,NaN,pseudo
becore,6,NaN,2,689.67,7962.91,579.17,1945.47,57.2,649.74,5.5,298590.2,38807,30055.27,3794.8,2494.11,267.25,,NaN,NaN,NaN,NaN,pseudo
fusted,6,NaN,6,1.59,9262.95,932.5,2754.61,279.6,476.64,49,259392.3,33349.33,25270.61,4960.4,3483.84,719.5,,NaN,NaN,NaN,NaN,pseudo
bealth,6,NaN,2,95.58,5715.89,536.5,1352.64,59.2,300.17,9,296050.4,32653,41542.35,2333.4,1149.79,150.25,,NaN,NaN,NaN,NaN,pseudo
mounge,6,NaN,1,11.48,6528.85,526,1135.67,64,196.03,10.75,239294.7,30932.67,22936.3,3465.8,2325.82,312.25,,NaN,NaN,NaN,NaN,pseudo
shougs,6,NaN,2,5.21,7111.96,699.17,1755.38,46.8,975.58,7,216200.4,30437.17,16631.27,1713.4,3066.51,175,,NaN,NaN,NaN,NaN,pseudo
itates,6,NaN,1,189.07,8313.17,1012.83,1573.96,188.2,242.14,18,376099.4,46843.5,33654.25,6678.6,3206.82,1134,,NaN,NaN,NaN,NaN,pseudo
benain,6,NaN,0,0,5849.8,561.5,1034.04,66.2,59.79,5.5,308038.7,40353.5,33337.44,4831.6,1576.53,223.75,,NaN,NaN,NaN,NaN,pseudo
enther,6,NaN,2,145.88,7881.56,727.33,2433.84,169.4,879.3,17.5,368180.6,42636,76551.34,5322,29471.29,878,,NaN,NaN,NaN,NaN,pseudo
alugly,6,NaN,0,0,5040.68,442.83,1051.59,65.8,3.02,2.75,167254.4,24136.5,11761.98,2184,175.58,102.75,,NaN,NaN,NaN,NaN,pseudo
pattor,6,NaN,2,2.89,7257.23,648.83,1230.08,78,234.21,15.25,301793.2,34537.5,27461.28,3376.2,1457.65,389.25,,NaN,NaN,NaN,NaN,pseudo
norked,6,NaN,4,36.62,9793.47,961.67,2671.72,263.6,549.88,33,261929.9,33549,21644.24,2933,1508.22,181.75,,NaN,NaN,NaN,NaN,pseudo
lounke,6,NaN,1,11.48,6198.23,514.33,811.76,51.8,114.52,8,241701.9,31430.33,16172.95,2044.6,1537.29,243.5,,NaN,NaN,NaN,NaN,pseudo
atreng,6,NaN,0,0,5932.93,467.33,1511.83,92,106.28,2.25,318147.8,39753.5,39236.4,6297.8,1514.72,249.75,,NaN,NaN,NaN,NaN,pseudo
ecched,6,NaN,1,2.68,7851.47,733.17,2294.5,217.6,85.03,13.25,281161.3,34297.5,37902.79,3045.8,1068.89,271.75,,NaN,NaN,NaN,NaN,pseudo
accays,6,NaN,0,0,4397.63,555.83,580.68,25,213.09,6.75,223385.7,31493.33,8822.61,1437.2,817.86,101,,NaN,NaN,NaN,NaN,pseudo
bonton,6,NaN,2,13.39,6109.72,578.5,1036.66,76.2,86.44,8.5,279696.7,32203.33,34056.46,4399.2,1356.05,225.5,,NaN,NaN,NaN,NaN,pseudo
beayed,6,NaN,3,1.88,10187.97,972.67,2918.3,235.6,138.72,10.75,289469.6,34945.5,20017.74,2483,389.56,79.5,,NaN,NaN,NaN,NaN,pseudo
anione,6,NaN,1,187.1,6786.16,496.67,538.62,33.4,125.51,4,350842.5,44139.83,32221.53,4641.4,5917.33,1006.25,,NaN,NaN,NaN,NaN,pseudo
anreng,6,NaN,0,0,6044.04,484.17,1460.11,91.2,23.71,1.25,300569.4,39864.83,40603.58,5409.6,928.38,123,,NaN,NaN,NaN,NaN,pseudo
beyids,6,NaN,0,0,7239.63,787.33,985.68,46.2,43.65,3.5,233817.3,33929.33,8980.94,897.8,92.45,28,,NaN,NaN,NaN,NaN,pseudo
aleted,6,NaN,0,0,9197.68,886.17,2786.69,263,269.61,31.5,358832.2,42930.5,29090.71,5525,2388.66,593,,NaN,NaN,NaN,NaN,pseudo
dilled,6,NaN,7,26.9,8864.37,936.17,2544.8,276,580.28,42.25,249936.1,35487.33,23037.36,4334.4,2604.58,456.5,,NaN,NaN,NaN,NaN,pseudo
cargls,6,NaN,1,1.25,8029.03,930.33,805.16,108.4,71.32,9.75,209849.9,33463.67,11452.14,2115,731.17,137,,NaN,NaN,NaN,NaN,pseudo
farine,6,NaN,3,8.11,9180.16,781.5,1806.59,147,217.15,19.75,305490.8,39977.17,32316.31,5596.4,2465.66,766.25,,NaN,NaN,NaN,NaN,pseudo
pastle,6,NaN,2,12.58,8557.79,711.33,1639.62,121,468.52,21,301266.3,40004,21260.06,3468.6,1596.49,323.75,,NaN,NaN,NaN,NaN,pseudo
easeng,6,NaN,1,3.99,6316.32,580.33,1396.54,99.8,56.49,3.5,343135.2,45880.67,33405.75,4575,1942.88,230.5,,NaN,NaN,NaN,NaN,pseudo
par,3,8.50746,20,92.92,15908.01,70.67,750.74,10.5,8.51,1,234418.86,32489.67,21064.1,3338,3753.76,481,p.Ar,3,2,4.9608,4.9608,real
pin,3,13.5643,18,13.57,6602.21,66,111.79,8.5,13.56,1,223573.5,34502.33,41907.94,7268.5,1082.35,449,p.I.n,3,3,16.3725,16.3725,real
rob,3,5.23536,20,20.01,9414.59,67.33,197.4,10,5.24,1,210776.47,27755,12328.33,2115,896.67,106,r0.A.b,3,3,23.2941,23.2941,real
hit,3,91.2619,17,540.83,17962.86,67,4577.52,8,91.26,1,314106.26,33003,33942.73,2768,653.77,88,h.I.t,3,3,275,275,real
bar,3,67.5838,16,94.96,17779.91,68,827.28,9,67.58,1,230327.92,30612,19214.61,3127.5,534.96,258,b.Ar,3,2,85.9804,85.9804,real
den,3,9.51884,18,57.89,7018.96,61.67,499.8,8.5,9.52,1,324805.74,41182,32941.53,5145,2418.38,410,d.E.n,3,3,6.1176,6.1176,real
tie,3,36.6475,15,4118.07,51041.51,64.33,192.34,7,36.65,1,406300.21,50028.67,21268.49,5955,1353.46,540,t.aI,3,2,44.4314,44.4314,real
bug,3,3.15312,19,309.73,6295.94,55.67,2749.4,8.5,3.15,1,89407.3,15256,6786.31,723.5,25.76,49,b.V.g,3,3,20.9412,20.9412,real
sea,3,165.985,11,152.07,7107.86,57.33,1001.65,6,165.99,1,388931.11,52075.67,26645.17,3087.5,840.16,129,s.i,3,2,59.8431,59.8431,real
lap,3,19.6326,23,21.51,10857.63,74,257.75,11.5,19.63,1,210132.04,29152.67,10169.16,2492,161.4,82,l.1.p,3,3,13.4706,13.4706,real
war,3,340.12,16,821.5,21462.4,62.67,6912.14,9,340.12,1,239000.06,28727,26442.37,2931,1884.08,241,w.or,3,2,174.7451,174.7451,real
bag,3,64.7281,22,31.19,12732.51,76.67,242.43,10,64.73,1,177365.76,23056.67,5972.27,1381,137.01,71,b.1.g,3,3,94.0392,94.0392,real
ham,3,7.25812,18,627.9,18695.01,70.33,4345.8,8.5,7.26,1,243067.95,23008.67,23333.24,1722,261.59,104,h.1.m,3,3,11.5882,11.5882,real
bee,3,6.12775,16,90.06,31785.14,64.67,725.66,8,6.13,1,369625.29,45847.33,18379.96,1504.5,2835.13,56,b.i,3,2,10.3529,10.3529,real
tip,3,25.1059,20,22.95,25981.05,61.33,126.54,9,25.11,1,258730.25,34279.67,16944.73,4589.5,100.96,70,t.I.p,3,3,27.6275,27.6275,real
act,3,187.938,6,32.55,19539.87,41.67,190.02,2,187.94,1,296869.34,34244.67,11809.88,2022,3358.6,402,1.k.t,3,3,109.1176,109.1176,real
rat,3,8.68594,25,31.46,16733.2,82,396.79,12,8.69,1,338956.24,39821.33,31075.74,6266,3496.27,1136,r0.1.t,3,3,32.6078,32.6078,real
row,3,35.7551,19,164.16,11068.15,64,1575.75,10,35.76,1,219448.61,25870,17779.14,2343,1256.55,224,r0.oU,3,2,26.3333,26.3333,real
way,3,1159.75,21,713.64,18557.57,69.33,8352.73,10.5,1159.75,1,184616.25,18629.33,14760.34,845,3024.01,141,w.eI,3,2,1424.726,1424.7255,real
ban,3,13.6833,19,191.36,14525.68,78.33,1806.71,9,13.68,1,244934.01,30455.67,34869.07,3563.5,756.09,195,b.1.n,3,3,3.1373,3.1373,real
fox,3,10.1733,10,844.39,12510.4,59.33,4222.65,5.5,10.17,1,141722.15,14222,7906.23,587.5,19.99,27,f.A.k.s,3,4,21.6078,21.6078,real
die,3,81.1481,16,89.75,30150.8,61,747.47,7.5,81.15,1,331041.66,44348.67,11544.42,3469,839.56,220,d.aI,3,2,261.1373,261.1373,real
tub,3,8.38848,13,3.78,25530.59,52.67,32.16,7,8.39,1,192132.3,22432.33,4601.85,954,68.12,46,t.V.b,3,3,12.6863,12.6863,real
gas,3,69.2496,11,1198.48,18032.74,66.67,6658.97,6,69.25,1,243173.54,36482,18727.02,1870.5,131.66,68,g.1.s,3,3,67.7843,67.7843,real
sip,3,5.23536,20,30.18,7092.81,64.67,305.08,9.5,5.24,1,215909.71,38495.67,8768.61,1798,52.12,24,s.I.p,3,3,5.098,5.098,real
cab,3,10.3517,16,145.72,11159.56,71,1173.88,8,10.35,1,188241.02,25035.33,11755.59,2504.5,184.49,93,k.1.b,3,3,35.8039,35.8039,real
toe,3,9.93529,17,3701.21,56001.03,74.67,727.03,8,9.94,1,412200.21,45002.67,20051.34,1261.5,80.43,26,t.oU,3,2,12.6863,12.6863,real
bog,3,5.7708,21,40.73,11640.45,72,238.6,9.5,5.77,1,157814.31,20199.67,4952.62,1189,15.05,19,b.A.g,3,3,0.96078,0.96078,real
bin,3,5.17587,18,41.25,8474.11,63.33,347.29,8.5,5.18,1,219482.56,32624.67,41430.3,7024.5,427.87,172,b.I.n,3,3,5.3725,5.3725,real
try,3,255.343,7,26.38,25907.56,40,335.15,3.5,255.34,1,238278.96,28882.33,10156.64,1846.5,1227.69,76,t.r0.aI,3,3,476.7451,476.7451,real
key,3,73.9495,6,3.56,6583.92,49.33,84.63,4,73.95,1,210723.68,25872.33,8710.6,906,162.42,48,k.i,3,2,86.8627,86.8627,real
ill,3,56.5181,2,1755.27,3288.12,17.33,1811.79,2,56.52,1,215168.31,35695.33,17975.36,2808.5,5274.69,574,I.l,3,2,21.2745,21.2745,real
bit,3,197.337,17,353.02,12796.18,68,560.06,8,197.34,1,254639.31,32402,20749.74,2358,673.52,183,b.I.t,3,3,235.0392,235.0392,real
raw,3,38.9678,18,41.47,12160.2,68.67,394.32,9.5,38.97,1,239000.06,28727,9663.29,2789,424.66,92,r0.O,3,2,10.1765,10.1765,real
led,3,141.593,17,59.16,17680.64,61,629.79,8,141.59,1,285912.83,38001.33,33478.78,6377,2704.96,661,l.E.d,3,3,24.0196,24.0196,real
end,3,458.63,1,28470.7,24473.99,31.67,14693.98,1.5,458.63,1,324805.74,41182,45407.95,4396,2993.02,518,E.n.d,3,3,265.8627,265.8627,real
hey,3,18.5022,12,344.54,14079.79,59.67,2077.87,6.5,18.5,1,281913.02,28312.33,61739.78,1587.5,4757.81,4,h.eI,3,2,1727.039,1727.0392,real
few,3,592.131,13,89.9,9232.18,53.67,1176.5,7.5,592.13,1,236146.8,25426.67,5844.36,709.5,625.57,6,f.j.u,3,3,301.8235,301.8235,real
axe,3,7.49609,9,507.92,38355.83,34.67,7.5,1,7.5,1,303424.23,35614.67,458.12,182,75.38,35,1.k.s,3,3,4.8824,4.8824,real
cry,3,52.5321,6,60.71,5099.96,37.33,233.75,3.5,52.53,1,146429.22,23684.67,6253.61,1112.5,129.46,35,k.r0.aI,3,3,65.6471,65.6471,real
van,3,56.3396,11,287.94,12189.66,69.33,1640.01,6.5,56.34,1,236543.47,28802.67,33609.32,3254.5,568.27,130,v.1.n,3,3,51.7843,51.7843,real
crew,4,21.8933,6,26.32,9709.14,138,581.76,15,90.43,2.5,243286.32,32600.25,22002.28,3027.33,999.06,216.5,k.r0.u,4,3,47.5294,47.5294,real
earn,4,20.7035,7,12.72,15652.04,220.75,1231.22,31.33,65.23,4.5,358171.16,45901.5,21041.08,2765,3361.19,299.5,36.n,4,2,15.3529,15.3529,real
horn,4,9.8758,7,25.89,16537.04,234.25,2141.32,30.67,100.48,4.5,274362.12,30989.5,20940.86,2283.67,949.18,258.5,h.or.n,4,3,21.0784,21.0784,real
blue,4,133.978,5,1.74,12271.09,186,299.23,12,138.32,3,218883.53,30474.25,4797.99,1216.33,360.17,80,b.l.u,4,3,102.3922,102.3922,real
time,4,1770.21,10,5.6,24790.78,235.75,3582,18.33,1777.91,3,330404.94,41208,23338.23,4191,3055.73,222.5,t.aI.m,4,3,1958.628,1958.6275,real
vote,4,52.8891,6,14.66,18755.61,248,557.84,17.67,96.74,3.5,319433.12,35160.75,16949.11,3180,689.07,127,v.oU.t,4,3,34.3333,34.3333,real
life,4,741.22,10,260.97,17297.52,219.75,1848.16,17.67,873.56,3,272896.49,37269.75,11491.17,2246,1098,109,l.aI.f,4,3,796.6471,796.6471,real
leap,4,13.2669,9,20.58,14267.63,201.75,1825.99,34.67,105.9,5.5,287920.58,37733,19426.47,3216,1749.92,183,l.i.p,4,3,6.6667,6.6667,real
gift,4,32.3046,6,9.99,13985.78,182.25,861.91,13.67,57.86,2.5,219115.55,27793,4867.68,787,303.62,51.5,g.I.f.t,4,4,64.5098,64.5098,real
tail,4,33.2565,13,17.48,19953.62,234.5,1927.61,28,111.28,6.5,312358.56,39460.75,14160.07,2351,1493.36,246.5,t.eI.l,4,3,23.902,23.902,real
hall,4,120.711,17,69.34,14801.59,235,4506.66,40.33,618.49,7,241640.91,28244,30325.5,3301.67,5572.12,742.5,h.O.l,4,3,51.9412,51.9412,real
cake,4,22.4288,18,172.36,18350.63,262.75,2536.14,24,896.41,5.5,262710.53,33265.75,10261.39,1783.67,1532.06,159,k.eI.k,4,3,45.0588,45.0588,real
sale,4,33.7324,20,55.56,22198.04,321.5,2374.71,35.33,147.6,6.5,334208.21,46393.75,22362.95,3889.33,717.04,247,s.eI.l,4,3,25.3922,25.3922,real
heat,4,120.592,11,84.65,21073.55,232.25,6998.27,39,586.15,6.5,384989.83,38994,62460.46,4308,3085.92,377,h.i.t,4,3,40.0784,40.0784,real
draw,4,58.7194,6,14.43,9096.59,136.25,199.34,18.67,71.78,3.5,220853.25,26840.75,7659.32,2080,532.64,132.5,d.r0.O,4,3,40.4118,40.4118,real
hero,4,31.2932,6,138.14,12968.44,179.25,2803.22,20.33,445.72,4,333004.12,37135.5,68055.67,5816.67,8738.11,458.5,h.ir.r0.oU,4,4,49.8431,49.8431,real
bunk,4,5.7113,14,13.75,7684.46,201,328.66,31.33,20.35,6,125515.75,18260.5,7844.34,1323,165.93,87.5,b.V.N.k,4,4,6.2745,6.2745,real
cart,4,9.39986,16,53.81,19028.01,278,1672.78,40,411.96,7,283376.99,35523.25,19596.87,3245,2808.77,433,k.Ar.t,4,3,9.0392,9.0392,real
talk,4,247.549,10,29.86,20145.34,248,1226.38,26.33,351.84,4.5,243786.15,28632.5,15771.05,2726.67,1542.14,263.5,t.O.k,4,3,855,855,real
tape,4,21.5364,12,74.7,24708.26,272.25,613.93,21.67,40.96,4,343457.82,39951.5,11809.43,2448.33,496.91,122,t.eI.p,4,3,68.8431,68.8431,real
maze,4,7.25812,13,155.03,19001.06,251.5,1253.31,21.67,22.1,4,252167.52,30555.25,6073.2,1286,102.89,38.5,m.eI.z,4,3,2.549,2.549,real
boat,4,55.6257,10,15.25,20969.76,282.5,5651.16,31.33,91.32,3.5,290849.56,31002.75,18307.88,3152,350.26,167,b.oU.t,4,3,95.7843,95.7843,real
diet,4,57.8865,5,32.61,20105.21,233,436.5,18.33,128.44,2,346328.36,42817,12338.8,3128.33,879.72,159.5,d.aI.5.t,4,4,15.3725,15.3725,real
gaps,4,7.55558,16,1.89,11220.04,294.25,302.04,29.67,21.89,6,202024.23,31418.25,4294.52,1084.33,329.29,67.5,g.1.p.s,4,4,0.68627,0.68627,real
sake,4,53.008,17,150.75,20182.87,282.5,3302.03,22.67,911.7,5.5,299482.43,40326,8034.95,1102.67,1539.38,151,s.eI.k,4,3,64.1569,64.1569,real
back,4,1235.84,16,22.16,12493.28,226.75,2378.72,36.33,1335.52,5.5,148964.86,20045.75,8339.06,1853,2228.36,387,b.1.k,4,3,2009.157,2009.1569,real
beat,4,54.7928,19,46.13,20418.12,245.5,7349.44,40.33,258.44,7.5,340389.61,38543.25,30619.63,3859.67,2132.58,265.5,b.i.t,4,3,131.6863,131.6863,real
chip,4,6.12775,10,11.79,12366.35,123.25,1664.82,17.67,51.49,4.5,186336.48,24910.75,16576.43,1860,1632.93,390.5,tS.I.p,4,3,20.6078,20.6078,real
nail,4,12.1365,11,16.11,12199.66,207.5,1627.47,23,100.72,6.5,285991,39627.75,11777.17,2066.33,605.13,171,n.eI.l,4,3,18.6471,18.6471,real
pine,4,12.553,21,35,17728.35,270,1483.06,40.67,351.13,9,298001.67,41745.25,35628.48,6281,2560.72,832,p.aI.n,4,3,6.1961,6.1961,real
move,4,183.238,13,216.76,19799.56,251.5,3677.7,21,369.72,4.5,247065.8,29291.75,15491.26,1801,3068.73,354,m.u.v,4,3,418.1373,418.1373,real
hive,4,2.02275,11,505.66,18849.88,210.5,2681.38,16,492.57,4,278137.1,32474,21895.16,2118.67,2766.35,484.5,h.aI.v,4,3,0.98039,0.98039,real
lawn,4,21.8338,7,15.26,13839.31,205.5,1100.36,25,71.99,4,232714.48,28765,6787.57,1395.67,258.82,46,l.O.n,4,3,12.3529,12.3529,real
envy,4,20.168,0,0,7257.24,61,43.91,3,20.17,1,232221.19,29266.25,15508.51,2145,113.81,22.5,E.n.v.i,4,4,9.549,9.549,real
pile,4,27.3072,15,13.87,18356.75,263.25,1395.11,35.67,73.47,5.5,268831.99,39359.75,15196.63,3210.33,1159.75,204,p.aI.l,4,3,13.1765,13.1765,real
club,4,89.8341,2,2.86,2743.66,102.25,181.37,13.33,89.83,1.5,117721.79,20263,3307.12,855.67,410.77,72,k.l.V.b,4,4,98.7843,98.7843,real
neck,4,78.233,5,5.35,9740.16,155.75,1138.19,22.67,90.55,3,238945,32517.5,13879.18,2706,409.25,123,n.E.k,4,3,59.5098,59.5098,real
chop,4,7.43659,9,15.05,12850.76,126.75,369.77,17,50.27,3,190761.48,21141.25,15185.39,1979.67,874.16,159,tS.A.p,4,3,13.6078,13.6078,real
fool,4,37.4804,10,51.54,13942.81,222.75,1932.62,30.67,286.01,4,227781.43,25959.75,12101.13,1559.67,711.03,115.5,f.u.l,4,3,89.3333,89.3333,real
math,4,0.892391,11,14.98,15968.39,202,4082.83,29,69.25,4.5,280348.07,26812,62638.14,4000.67,1919.83,423,m.1.T,4,3,16.3922,16.3922,real
plan,4,100.364,4,69.09,10830.85,163.5,1095.74,21.33,238.54,3,229278.58,31587,28961.3,3490,2541.41,460,p.l.1.n,4,4,145.7255,145.7255,real
blast,5,11.7796,3,7.44,8319.57,345.2,1492.33,53.5,437.31,10.33,254807.71,34183.4,22069.08,3659.5,1824.62,375.67,b.l.1.s.t,5,5,16.1765,16.1765,real
truly,5,39.2057,0,0,10105.88,358.6,1963.68,45.5,123.19,4,200556.26,26895.2,11216.32,2390.25,555.72,112,t.r0.u.l.i,5,5,35.8824,35.8824,real
start,5,199.539,4,25.43,9911.3,373.6,2038,52.75,612.76,11.33,334556.79,41711.2,22928.33,4020.5,3450.06,526.33,s.t.Ar.t,5,4,340.098,340.098,real
motel,5,7.43659,4,45.02,10245.4,464.4,1402.97,53.25,152.66,7.67,301871.85,35820.4,19461.13,3386.75,1382.93,214,m.oU.t.E.l,5,5,18.1765,18.1765,real
lined,5,17.8478,10,35.95,9663.01,479,1456.58,111.25,133.84,14,289976.53,40256.8,40720.05,7344.25,3396.08,947,l.aI.n.d,5,4,6.4706,6.4706,real
loved,5,83.2899,10,37.2,11428.94,475,1732.8,99.25,369.65,12.33,244399.27,30590.2,21995.16,3385.25,2486.5,282,l.V.v.d,5,4,110.3333,110.3333,real
frank,5,9.51884,5,9.6,7385.04,330.4,997.69,57,113.18,9.67,207473.82,26615.2,22713.24,3013.25,1222.3,379.33,f.r0.1.N.k,5,5,159.3922,159.3922,real
mouse,5,8.44797,8,71.25,12112.5,399.6,3652.99,56.75,509.97,9.67,265752.62,36176.6,24235.18,2720.5,2960.92,626.67,m.aU.s,5,3,19.1176,19.1176,real
wheat,5,30.3413,1,4.22,13143.1,264.2,4493.7,34.75,674.57,7,326455.85,32183,51417.2,3316.5,3549.72,285,w.i.t,5,3,5.7451,5.7451,real
steam,5,18.2643,3,8.21,7384.99,284,1498.83,43,146.69,9,332340.19,41839,25138.45,4594.5,1723.62,402,s.t.i.m,5,4,13.451,13.451,real
stain,5,7.3771,6,14.16,8123,342,1814.98,44.75,719.01,13,325967.96,43651,35326.88,6006.75,4093.16,496,s.t.eI.n,5,4,6.1961,6.1961,real
royal,5,74.3065,1,11.54,6487.58,290.2,587.95,29.5,82,1.67,239518.84,30593.6,13713.04,2229.25,172.53,29.67,r0.OI.l,5,3,23.2353,23.2353,real
hedge,5,11.7201,3,5.35,7256.39,311.8,483.66,30,55.13,7,307540.6,35444,42498.15,3097.25,987.02,198.67,h.E.dZ,5,3,1.549,1.549,real
stalk,5,5.7113,5,6.79,8594.28,346.6,1401.07,39.75,375.76,10,247774.29,33080,20233.22,3692.5,2687.55,431.67,s.t.O.k,5,4,1.6863,1.6863,real
naked,5,44.5006,6,12.44,8893.49,455.2,1321.88,88.5,484.51,14.33,277466.78,34101.2,15728.59,2882.5,1875.69,203.33,n.eI.k.I0.d,5,5,39.2549,39.2549,real
guard,5,42.8348,0,0,8160.44,360.4,896.87,32.75,179.23,5,198602.3,27519.6,11108.77,1821.25,1307.37,271,g.Ar.d,5,3,58.1961,58.1961,real
threw,5,49.9739,3,227,12366.21,382.6,3147.05,31.75,493.51,4.33,298679.77,31678.2,47713.53,2513,1209.27,124.67,T.r0.u,5,3,40.8235,40.8235,real
stony,5,6.96065,2,126.51,8553.27,399.8,1494.37,48.5,281.9,10.67,269101.59,34072,30941.92,3967.75,994.56,255.67,s.t.oU.n.i,5,5,0.60784,0.60784,real
nasty,5,21.8933,4,2.17,4932.02,389.4,541.74,45.25,94.28,10,280832.46,35786.2,19934.87,3096.5,1182.3,275,n.1.s.t.i,5,5,22.5686,22.5686,real
power,5,328.043,10,16.03,10827.98,473.4,2363.01,79.5,462.16,12,251641.67,31462.2,25836.88,3692.5,2447.53,144.33,p.aU.56,5,3,149.0196,149.0196,real
paper,5,173.421,7,1.19,9030.85,495.2,2322.83,86.5,206.3,10,260623.81,35434,23768.65,4282.5,2012.5,429.33,p.eI.p.56,5,4,103.3529,103.3529,real
crept,5,11.0062,3,3.11,8461,317.6,715.25,37.25,62.41,6.67,270318.02,35982.2,17325.78,2549,1339.9,274,k.r0.E.p.t,5,5,1.1373,1.1373,real
dying,5,42.8943,4,89.03,6393.64,221.2,2210.45,32.75,983.32,9,184463.79,26844.2,29847.7,5350.25,10410.9,2449.33,d.aI.I.N,5,4,66.9804,66.9804,real
light,5,298.535,9,251.96,6473.75,241.8,2249.44,23.5,1841.78,8.33,239274.35,29010,11176.79,1916,4202.49,420.33,l.aI.t,5,3,165.1961,165.1961,real
crush,5,8.38848,4,11.33,7692.9,289.4,581.9,39,70.92,6.67,197175.07,28747.2,9542.46,1878.75,495.48,185,k.r0.V.S,5,4,16.8039,16.8039,real
stack,5,9.39986,10,19.68,7672.05,322.8,1801.5,51.25,505.67,13.33,237094.24,31736.2,17016.84,3453,2840.38,487.33,s.t.1.k,5,4,6.098,6.098,real
court,5,128.088,1,80.79,11480.82,390.2,3111.09,51.5,892.23,7.33,238551.71,30400.6,22535.84,2816.75,4057.07,286.33,k.or.t,5,3,100.7255,100.7255,real
crown,5,24.63,8,26.68,6463.52,288.2,968.23,48.75,332.27,12,212340.66,27825.8,10916.64,1582.25,1816.2,221.33,k.r0.aU.n,5,4,13.6863,13.6863,real
clock,5,36.707,8,7.56,6648.2,282.8,989.07,45.25,219.33,9.33,151516.06,22599,6966.79,1542.5,861.75,258.33,k.l.A.k,5,4,58.6275,58.6275,real
thumb,5,23.9756,1,5.41,9251.36,193,2720.05,19.25,30.2,3.67,184764.08,18888,33730.94,1120.25,534.4,127.67,T.V.m,5,3,11.8235,11.8235,real
inner,5,47.4752,2,2.02,7448.62,347.8,2106.25,68.25,63.84,4.67,328609.7,45800.6,42625.14,7214.75,1143.01,266.33,I.n.56,5,3,9.9412,9.9412,real
trace,5,28.1996,7,34.1,12367.3,397,1555.84,58.75,431.64,10.33,330958.83,41113.4,15257.41,3210.75,2585.48,579.33,t.r0.eI.s,5,4,19.3922,19.3922,real
steel,5,44.2626,4,9.74,10914.23,445.8,1364.15,51.25,139.79,8.33,373705.42,49077.6,24912.03,4623,1797.85,419,s.t.i.l,5,4,18.451,18.451,real
honey,5,20.8225,6,64.64,10065.16,546.2,820.72,48.25,308.19,7.67,291116.65,31427.8,24337.14,3354.25,2629.86,263,h.V.n.i,5,4,300.4902,300.4902,real
cloud,5,32.5425,2,10.47,7683.08,314.6,1397.01,36.75,171.78,7.33,178824.5,24990.4,15306.54,1795,629.77,155.33,k.l.aU.d,5,4,11.7451,11.7451,real
visit,5,102.209,0,0,6102.9,261.4,338.5,24,104.87,2.33,261579.82,38301.4,23765.23,3056,1360.16,239.67,v.I.z.I0.t,5,5,58.6863,58.6863,real
storm,5,29.3299,3,74.17,7464.82,298.4,1247.34,40.25,331.08,8.67,264932.07,35301.8,28584.06,3474.75,2212.06,509,s.t.or.m,5,4,30.8627,30.8627,real
table,5,211.913,4,3.99,11524.98,409.4,832.04,33,237.22,5.67,306319.59,36704.2,14392.04,3036.5,2862.36,675.67,t.eI.b.l,5,4,105.6275,105.6275,real
board,5,85.4316,3,8.37,11589.88,452,1064.52,47.5,217.13,6.33,236104.51,29266,12084.78,1992.75,1223.88,310.67,b.or.d,5,3,64.1569,64.1569,real
cycle,5,26.8907,0,0,8018.65,282.4,495.96,13.25,47.42,1.33,200870.53,29429.2,8186.6,1709.75,562.54,111.67,s.aI.k.l,5,4,5.8824,5.8824,real
guest,5,25.4629,2,33.38,8408.31,298.2,1081.24,26.25,87.57,3.33,275823.98,37548,18937.15,4952.75,2259.5,660.33,g.E.s.t,5,4,39.9412,39.9412,real
modern,6,165.747,0,0,5666.79,528.5,857.64,71.4,215.02,7.5,273860.38,35160.5,21736.77,3688,1770.76,381.5,m.A.d.56.n,6,5,18.2353,18.2353,real
coming,6,212.151,8,1.3,7194.06,635.17,2365.13,174.2,1171.44,76.25,203107.01,29110,33154.77,5828.6,9925.09,2166.75,k.V.m.I0.N,6,5,527.0196,527.0196,real
writer,6,31.5907,4,9.34,8199.34,862.83,2343.94,218,487.69,33,299503.4,38957.17,31638.15,5510.4,3932.04,762.5,r0.aI.t.56,6,4,23.5294,23.5294,real
passed,6,143.675,9,6.91,9987.8,1027.83,2463.73,280.4,359.14,32.75,279251.55,40751,24243.45,3728,2025.04,379.75,p.1.s.t,6,4,51.5882,51.5882,real
chance,6,147.483,2,133.5,6292.68,515.83,1020.78,69.4,444.05,17.25,277961.26,33650.33,29961.14,2983,4128.49,577.75,tS.1.n.s,6,4,241.2353,241.2353,real
behind,6,330.958,0,0,8726.45,696.67,2064.68,97.2,350.72,4.5,265141.84,32487.83,35499.6,3860.4,2722.92,272.25,b.I.h.aI.n.d,6,6,187.8627,187.8627,real
course,6,604.387,2,6.45,6598.59,587.67,1300.37,75.8,712.13,9.25,264263.86,38020.83,24231.88,3315.6,3747.11,304,k.or.s,6,3,487.2157,487.2157,real
dinner,6,94.3555,4,3.12,8380.64,904.67,2002.74,202.8,225.12,23.25,301576.89,41697.5,36555.82,6432,1538.32,339.75,d.I.n.56,6,4,202.6667,202.6667,real
friend,6,175.147,0,0,6979.12,634.5,1074.33,64,247.46,11,269596.24,36527,25739.8,3664.4,2155.02,384.25,f.r0.E.n.d,6,5,419.2941,419.2941,real
income,6,107.92,0,0,4893.73,340.67,706.06,30.4,315.46,4.25,275985.79,36906.83,31572.07,4765.6,3892.09,429.25,I.n.k.V.m,6,5,7.4118,7.4118,real
around,6,514.136,2,98.46,7517.4,566.5,1696.04,54.2,738.96,6.75,253140.37,32184.5,31040.66,3376,3599.12,411.25,5.r0.aU.n.d,6,5,736.7255,736.7255,real
church,6,161.285,0,0,3860.75,340.17,676.75,43.6,199.39,5.25,180582.02,21315.33,11692.13,1802.2,530.9,113.5,tS.36.tS,6,3,69.6667,69.6667,real
please,6,115.356,0,0,5616.2,494.83,591.44,52.6,169.42,9.25,322782.55,44212.67,24218.82,3102.2,2845.15,277,p.l.i.z,6,4,1100.961,1100.9608,real
agreed,6,100.543,1,6.96,9473.15,889.5,2275.97,210,255.42,6.5,319613.15,41010.83,24988.43,3702.4,1783.31,206.5,5.g.r0.i.d,6,5,35.9216,35.9216,real
seemed,6,437.272,5,1.61,11041.91,1038.5,2601.93,238.2,509.24,16,349452.89,46203.33,24407.77,3331.6,2025.73,203.5,s.i.m.d,6,4,54.2549,54.2549,real
notice,6,81.0291,1,3.63,7774.42,593,976.63,54,295.59,10,324230.67,40819.5,20111.9,3456.6,3462.46,393.5,n.oU.t.I0.s,6,5,59.2549,59.2549,real
growth,6,121.841,0,0,3518.82,349.33,683.98,50.2,226.86,10,229875.35,24153.67,33564.19,1581.8,739.91,106.5,g.r0.oU.T,6,4,6.451,6.451,real
leaves,6,92.6302,6,1.27,9748.96,1108.17,1388.56,181.6,237.82,27.25,316541.81,42447.33,25028.73,4737,2982.98,263.75,l.i.v.z,6,4,45.4118,45.4118,real
caught,6,114.821,2,32.48,5018.04,527.5,739.2,55,370.76,11.5,222871.8,25050.83,8267.61,1213.8,3278.91,218,k.O.t,6,3,93.9412,93.9412,real
though,6,639.428,1,3.27,4702.51,300.67,1918.49,34,1161.54,5.25,234440.26,21917,40806.26,1697.6,4514.47,201.75,D.oU,6,2,181.9412,181.9412,real
seeing,6,85.7291,6,1.5,8493.9,704,2226.75,154.2,1111.96,70.75,330409.48,46965.17,33059.82,5271.6,8451.32,1822.75,s.i.j.I.N,6,5,109.6275,109.6275,real
highly,6,93.8796,0,0,5038.56,449,1008.41,56.4,224.81,5.5,188106.03,21381.83,13037.12,1585.6,1594.9,165,h.aI.l.i,6,4,21.1961,21.1961,real
happen,6,106.135,0,0,7523.5,822,682.1,88,151.29,18,265273.62,31516.33,21658.35,2620,1927.48,270.25,h.1.p.5.n,6,5,254.2745,254.2745,real
cannot,6,253.32,1,5.35,6241.48,621.67,807.9,78.2,329.71,13.5,297861.73,35637.67,22965.39,2511.8,2957.06,196.5,k.1.n.A.t,6,5,126.7647,126.7647,real
garden,6,114.107,2,3.69,8554.45,921.67,992.95,118,279.56,15.5,280518.49,36913.5,21887.54,3459.6,1783.88,333.25,g.Ar.d.5.n,6,5,26.549,26.549,real
letter,6,121.425,6,83.04,10516.34,923.5,2827.76,224.4,818.19,45.5,373314.78,45349.83,29219.99,5547.4,3913.94,830.5,l.E.t.56,6,4,82.6078,82.6078,real
matter,6,280.806,11,10.64,10040.32,981.5,3125.19,241.8,831.49,48.75,338843.75,39317.67,33320.54,5968,4159.09,901.75,m.1.t.56,6,4,370.5882,370.5882,real
